HARGA,LT,LB,JKT,JKM,GRS
28000000000,1100.0,700,5,6,1
19000000000,824.0,800,4,4,1
4700000000,500.0,400,4,3,1
4900000000,251.0,300,5,4,1
28000000000,1340.0,575,4,5,1
10000000000,460.0,300,4,4,1
7600000000,278.0,350,4,4,1
5250000000,511.0,300,3,2,1
670000000,70.0,69,3,2,0
480000000,66.0,42,2,1,0
10700000000,449.0,500,6,7,1
4200000000,109.0,188,2,3,1
8500000000,320.0,250,4,4,1
7000000000,384.0,400,4,4,1
20000000000,462.0,645,5,6,1
9500000000,212.0,300,4,4,1
13400000000,342.0,450,5,4,1
11000000000,410.0,700,4,4,1
5800000000,144.0,285,4,3,1
35000000000,985.0,400,4,3,1
14000000000,780.0,500,3,4,1
5000000000,217.0,450,4,4,1
39875000000,1362.5,700,4,4,1
7250000000,210.0,300,4,3,1
5200000000,110.0,200,3,3,1
25000000000,760.0,650,4,4,1
5680000000,151.0,245,3,3,1
10500000000,220.0,350,4,3,1
7050000000,128.0,315,3,3,1
9300000000,235.0,270,3,3,0
6500000000,100.0,250,4,3,1
39875000000,470.0,1000,5,5,1
3000000000,75.0,150,4,2,1
39875000000,770.0,500,4,4,1
19500000000,610.0,1000,6,5,1
20900000000,754.0,500,4,4,1
15500000000,440.0,350,4,3,1
14000000000,410.0,800,4,4,1
39000000000,973.0,1050,4,3,1
8000000000,251.0,320,4,4,1
20000000000,780.0,600,4,4,1
17500000000,954.0,600,4,3,1
34000000000,1186.0,900,6,5,1
7500000000,186.0,380,4,4,1
18500000000,358.0,500,4,5,1
5000000000,217.0,200,4,3,1
16000000000,535.0,600,4,4,1
13000000000,330.0,500,3,3,1
8000000000,250.0,320,4,3,1
17500000000,477.0,530,4,4,1
10500000000,282.0,450,4,4,1
35500000000,1312.0,850,5,4,1
16000000000,860.0,500,4,4,1
11700000000,246.0,347,4,3,1
18500000000,443.0,450,4,3,1
17500000000,389.0,400,4,3,1
6500000000,300.0,450,4,3,1
18500000000,433.0,600,4,4,1
25000000000,987.0,400,4,3,1
23000000000,817.0,500,6,4,1
12990000000,876.0,428,5,4,1
15000000000,887.0,300,3,2,1
13000000000,384.0,425,5,4,1
33000000000,458.0,400,4,4,1
9500000000,200.0,235,3,3,1
5750000000,144.0,285,4,4,1
19000000000,358.0,600,4,5,0
19000000000,550.0,480,4,4,1
21500000000,950.0,300,5,4,1
5200000000,164.0,140,3,3,1
14000000000,460.0,400,4,3,1
39875000000,1362.5,1050,6,4,1
6250000000,158.0,400,4,2,1
29000000000,1186.0,800,9,8,1
8000000000,323.0,317,5,4,1
8500000000,502.0,250,4,4,1
18000000000,916.0,147,5,7,1
4500000000,109.0,188,2,3,1
10000000000,395.0,450,5,5,1
4250000000,152.0,275,3,3,1
4500000000,138.0,250,5,4,0
2800000000,100.0,150,3,3,0
15000000000,1362.5,800,4,3,1
7800000000,188.0,367,3,3,1
21000000000,500.0,525,4,5,1
38000000000,1229.0,800,4,4,1
29950000000,1000.0,600,4,4,1
7500000000,350.0,350,6,6,0
25000000000,987.0,400,4,3,0
36000000000,626.0,500,5,3,1
20000000000,472.0,650,6,5,0
29000000000,1186.0,600,8,9,0
5500000000,234.0,115,2,2,1
16590000000,405.0,495,4,4,1
33500000000,1000.0,800,5,6,0
21000000000,802.0,904,4,3,1
7720000000,125.0,298,4,4,1
22000000000,1019.0,650,4,3,1
18500000000,180.0,600,4,4,1
16500000000,933.0,600,5,5,1
11980000000,241.0,572,4,5,1
8500000000,250.0,250,4,4,1
7700000000,190.0,350,3,2,1
4200000000,270.0,300,4,4,1
15700000000,860.0,325,5,4,1
17000000000,916.0,147,5,7,1
8000000000,323.0,317,5,4,1
9550000000,251.0,288,3,3,1
7600000000,278.0,350,4,4,1
10200000000,320.0,360,6,4,1
5900000000,240.0,350,4,4,1
6000000000,178.0,309,4,3,1
10800000000,438.0,540,6,5,1
39875000000,1362.5,1050,7,6,1
14000000000,714.0,750,5,3,0
6900000000,358.0,450,4,3,1
39875000000,1362.5,1050,5,5,1
17500000000,1056.0,600,5,5,1
3500000000,100.0,156,5,4,1
15500000000,340.0,500,4,4,1
6900000000,188.0,350,3,3,0
16000000000,407.0,575,5,4,1
11900000000,241.0,571,4,5,1
7500000000,188.0,351,3,3,1
39875000000,1362.5,700,4,4,1
12500000000,371.0,300,4,4,0
11000000000,438.0,540,8,4,0
39875000000,1362.5,1050,6,6,1
12000000000,512.0,350,3,4,0
6500000000,230.0,400,4,4,1
13940000000,539.0,610,4,4,0
5700000000,168.0,170,3,3,0
8000000000,350.0,350,10,5,0
6900000000,128.0,315,3,3,0
8000000000,190.0,420,4,4,1
5500000000,107.0,311,4,3,1
10700000000,400.0,300,4,3,1
21000000000,1042.0,552,5,4,1
6500000000,200.0,300,4,4,1
16000000000,447.0,500,4,4,1
13500000000,385.0,525,5,4,1
15750000000,1060.0,375,3,2,1
23000000000,558.0,553,8,6,1
21000000000,1042.0,550,7,6,1
19300000000,1287.0,700,5,3,1
4300000000,124.0,187,3,3,1
20000000000,550.0,650,4,4,1
9550000000,251.0,288,4,4,0
22000000000,455.0,570,4,5,1
23000000000,650.0,600,5,5,1
39875000000,1362.5,1000,5,6,1
17500000000,430.0,820,5,6,1
8000000000,299.0,400,4,4,1
4600000000,109.0,180,2,3,1
15000000000,714.0,750,5,5,1
18000000000,600.0,400,6,6,1
1370000000,425.0,216,4,4,0
21000000000,1100.0,700,5,4,0
12000000000,315.0,609,5,4,1
24300000000,1362.5,1050,5,4,1
8000000000,380.0,450,5,5,1
18900000000,470.0,660,4,4,0
3200000000,78.0,65,3,2,1
21900000000,377.0,260,6,5,1
5600000000,269.0,300,4,4,1
5000000000,176.0,400,5,2,1
15000000000,714.0,750,5,5,1
4800000000,276.0,200,4,3,1
17000000000,663.0,530,7,8,1
7800000000,250.0,300,4,4,1
15000000000,755.0,416,7,6,1
13500000000,384.0,450,4,4,1
26500000000,1047.0,500,5,3,1
7500000000,170.0,300,4,3,1
11900000000,239.0,568,4,4,1
17500000000,477.0,520,4,3,1
15500000000,633.0,530,5,3,1
5500000000,188.0,314,4,4,1
9900000000,741.0,411,5,5,1
8650000000,225.0,518,4,4,1
3650000000,78.0,185,3,3,1
18500000000,660.0,600,5,4,1
3600000000,164.0,150,4,4,1
3400000000,95.0,156,4,3,1
18000000000,786.0,1000,6,7,1
17900000000,450.0,400,4,3,1
4500000000,124.0,184,3,3,0
4500000000,300.0,235,4,4,1
18000000000,600.0,500,6,6,1
15000000000,741.0,750,5,5,1
8000000000,380.0,450,5,5,1
18900000000,470.0,660,4,4,0
21900000000,377.0,260,6,5,1
5600000000,269.0,300,4,4,1
4000000000,117.0,221,4,3,1
20980000000,959.0,455,6,5,1
3400000000,95.0,156,4,3,1
25000000000,1100.0,550,5,4,1
11500000000,400.0,416,5,3,1
11510000000,233.0,544,7,7,0
3600000000,78.0,185,4,4,0
15000000000,250.0,460,4,4,1
17500000000,518.0,450,5,7,1
4000000000,117.0,221,4,3,1
8000000000,350.0,350,2,1,0
20000000000,550.0,600,5,5,1
30000000000,555.0,527,8,6,1
27000000000,670.0,650,4,4,1
20000000000,1040.0,600,4,3,1
15750000000,598.0,243,4,4,1
34500000000,974.0,800,5,6,1
4300000000,124.0,184,3,3,1
8500000000,230.0,310,5,3,0
9500000000,225.0,400,3,3,1
19000000000,520.0,500,5,5,1
13000000000,208.0,458,4,3,1
11900000000,239.0,568,4,4,1
13000000000,616.0,600,5,4,1
20000000000,890.0,600,5,5,1
7500000000,186.0,380,3,3,1
6150000000,158.0,400,3,3,1
10500000000,500.0,700,4,4,1
13500000000,384.0,450,4,4,1
39875000000,1362.5,1050,5,6,1
19000000000,358.0,635,4,5,1
13900000000,450.0,248,4,4,1
29500000000,923.0,429,9,5,0
22000000000,455.0,570,4,5,1
39875000000,1362.5,1050,6,6,1
13000000000,314.0,450,4,4,1
16000000000,895.0,420,5,5,1
18000000000,968.0,600,4,3,1
30000000000,1000.0,800,5,6,1
39875000000,1362.5,1050,5,5,1
6000000000,206.0,300,4,4,1
9550000000,251.0,288,4,5,0
32000000000,973.0,1050,5,5,1
19000000000,435.0,650,4,4,1
39875000000,1362.5,1050,6,6,1
17000000000,624.0,557,6,5,0
19000000000,870.0,700,6,4,1
14700000000,474.0,455,4,5,1
13800000000,260.0,360,6,5,1
15000000000,450.0,400,4,3,0
10000000000,160.0,250,3,4,1
6250000000,150.0,440,3,2,1
7800000000,200.0,390,4,4,1
6800000000,137.0,285,4,3,1
15000000000,398.0,500,5,4,1
19000000000,916.0,1000,5,7,0
6750000000,217.0,193,4,4,0
28000000000,330.0,300,3,3,1
17000000000,921.0,310,3,3,1
11900000000,260.0,365,4,4,1
9530000000,150.0,523,3,3,0
10400000000,282.0,280,4,3,1
6500000000,138.0,290,4,3,1
15000000000,658.0,500,3,3,1
6000000000,200.0,272,4,4,1
6900000000,137.0,315,3,2,1
16000000000,521.0,470,7,6,1
19000000000,400.0,788,4,3,1
25000000000,865.0,450,4,4,1
15500000000,1100.0,600,4,4,1
12600000000,540.0,800,5,4,0
7900000000,228.0,465,4,4,1
20000000000,462.0,645,5,5,1
5000000000,143.0,200,3,3,1
18000000000,1362.5,650,6,6,1
1100000000,90.0,180,3,3,1
6500000000,427.0,300,4,4,1
17000000000,407.0,850,6,5,1
6500000000,217.0,195,4,3,1
8500000000,307.0,400,4,5,1
13500000000,429.0,600,5,4,1
850000000,76.0,60,2,2,0
14000000000,460.0,500,5,4,1
11200000000,371.0,250,6,3,1
7700000000,200.0,373,4,3,1
10000000000,388.0,343,4,4,1
13500000000,282.0,380,4,4,1
13000000000,410.0,800,4,4,0
27000000000,660.0,800,5,4,1
19000000000,435.0,650,4,4,1
7000000000,384.0,400,4,4,1
27500000000,1068.0,300,5,3,1
17000000000,465.0,640,3,4,0
10000000000,475.0,600,5,5,0
6800000000,210.0,275,3,2,1
21000000000,754.0,500,4,4,1
25000000000,1340.0,600,8,5,1
16000000000,521.0,471,5,5,1
6000000000,329.0,500,5,3,0
21000000000,1018.0,600,4,4,0
33000000000,1100.0,450,4,4,1
2790000000,180.0,250,3,3,1
8500000000,307.0,400,7,6,0
1930000000,111.0,135,3,3,0
14000000000,410.0,800,4,4,1
12750000000,500.0,400,4,3,0
5000000000,188.0,260,4,3,1
25000000000,1040.0,600,4,3,0
25000000000,1000.0,600,9,5,1
39875000000,1362.5,1050,5,5,1
5400000000,165.0,297,3,3,1
14000000000,380.0,350,6,4,1
5600000000,151.0,254,4,3,1
38000000000,1362.5,750,6,4,0
30000000000,557.0,400,4,3,0
17500000000,518.0,450,5,7,1
39500000000,1362.5,900,5,4,1
15000000000,395.0,460,4,4,1
13000000000,235.0,623,5,5,0
8500000000,434.0,380,5,2,0
39875000000,836.0,600,4,4,1
10000000000,230.0,350,3,2,1
20000000000,425.0,500,5,4,1
5800000000,144.0,285,4,3,1
20900000000,754.0,500,4,4,1
24000000000,832.0,650,4,1,0
23000000000,800.0,400,4,4,1
9000000000,256.0,245,4,4,0
1350000000,72.0,150,3,3,0
23000000000,800.0,500,5,4,0
14000000000,464.0,350,4,3,1
15000000000,733.0,140,2,2,0
6500000000,500.0,400,17,18,1
6800000000,376.0,352,5,5,0
10500000000,320.0,360,6,4,1
20000000000,442.0,600,3,4,1
16000000000,895.0,420,5,4,1
15000000000,400.0,500,4,4,0
9000000000,240.0,380,3,3,1
33000000000,1362.5,700,6,6,1
6200000000,450.0,550,4,4,1
39875000000,600.0,500,8,5,1
14500000000,240.0,450,4,4,1
25000000000,900.0,600,4,3,0
6200000000,376.0,352,4,2,1
38000000000,1362.5,1000,7,6,1
9000000000,350.0,650,4,3,1
7000000000,251.0,325,3,3,0
9900000000,452.0,200,3,2,1
15000000000,291.0,400,4,4,1
16000000000,445.0,1050,6,6,1
9000000000,300.0,300,4,3,1
25000000000,700.0,500,4,4,1
10000000000,468.0,410,4,3,1
9500000000,350.0,430,4,4,0
30000000000,778.0,320,3,2,0
15000000000,923.0,900,5,4,0
20000000000,1050.0,650,4,4,1
15000000000,530.0,633,4,3,0
5900000000,188.0,314,4,4,0
39875000000,1362.5,1050,5,5,1
17800000000,430.0,500,4,4,1
11500000000,375.0,400,5,4,1
12000000000,340.0,600,11,11,1
39875000000,325.0,500,3,3,1
7900000000,266.0,475,4,4,1
7000000000,250.0,280,3,3,1
7000000000,230.0,400,4,4,1
20000000000,600.0,890,6,6,1
11000000000,575.0,210,4,3,1
22000000000,1362.5,400,4,4,1
20000000000,610.0,1000,6,6,0
16000000000,835.0,600,5,5,0
8750000000,158.0,400,3,3,1
39000000000,1362.5,1000,6,5,0
10500000000,424.0,313,7,4,1
14000000000,651.0,350,5,3,1
11000000000,400.0,225,4,3,1
24000000000,354.0,350,3,3,1
14500000000,600.0,500,5,4,1
8500000000,200.0,400,4,4,1
9900000000,611.0,500,7,4,1
21000000000,557.0,882,5,4,1
6000000000,144.0,250,4,3,1
14000000000,661.0,800,4,4,0
12900000000,539.0,610,4,4,1
17640000000,503.0,541,4,3,1
12000000000,600.0,500,4,4,1
10000000000,237.0,250,4,3,1
3790000000,248.0,248,4,2,0
9000000000,600.0,400,4,3,0
39875000000,1362.5,1050,5,5,1
9500000000,274.0,258,3,3,1
17500000000,518.0,450,5,7,1
8250000000,159.0,278,3,3,1
4300000000,123.0,190,3,3,0
4300000000,152.0,230,4,2,0
5620000000,122.0,311,3,3,1
3250000000,240.0,200,3,3,1
6500000000,144.0,285,4,3,1
25000000000,1020.0,800,5,3,1
23000000000,752.0,400,4,3,1
17700000000,860.0,750,5,4,1
7700000000,190.0,300,3,2,1
16000000000,465.0,640,4,4,1
6000000000,200.0,272,4,4,1
15000000000,500.0,765,4,4,1
25000000000,685.0,450,4,4,1
20000000000,910.0,450,5,4,1
15000000000,580.0,220,4,3,0
8500000000,246.0,221,3,3,1
4000000000,125.0,125,3,3,1
11500000000,400.0,300,3,3,1
27500000000,1010.0,605,6,6,1
6000000000,182.0,500,4,3,1
17500000000,477.0,550,4,4,1
17000000000,300.0,475,5,4,1
7500000000,259.0,410,4,3,1
28000000000,572.0,450,8,7,1
7000000000,349.0,349,9,5,1
9000000000,200.0,480,4,3,1
39000000000,973.0,1050,4,4,1
39875000000,1362.5,1050,5,5,1
4000000000,219.0,103,4,2,1
9000000000,490.0,350,4,3,1
25000000000,1000.0,800,4,3,1
3800000000,153.0,180,4,3,0
15000000000,506.0,400,3,3,0
17000000000,465.0,640,4,4,1
7300000000,278.0,350,4,4,1
8500000000,250.0,400,4,4,1
39875000000,1362.5,1000,4,3,1
17000000000,851.0,450,4,3,1
17000000000,392.0,327,4,4,1
10000000000,402.0,236,3,3,1
12000000000,254.0,370,4,4,1
10500000000,380.0,300,3,3,1
17500000000,417.0,560,4,4,1
5250000000,135.0,250,3,4,1
13500000000,565.0,380,3,3,1
10500000000,220.0,350,4,3,1
17000000000,440.0,350,4,4,1
7900000000,356.0,450,4,3,1
18600000000,474.0,455,4,4,0
35000000000,1200.0,900,6,6,1
25000000000,670.0,650,3,3,0
22000000000,754.0,500,4,4,1
39875000000,1362.5,1000,5,5,1
6500000000,266.0,350,4,4,1
2500000000,200.0,120,3,3,1
22000000000,754.0,500,4,4,1
22000000000,888.0,450,4,3,1
5100000000,120.0,210,4,3,0
9200000000,231.0,389,3,3,1
36000000000,1200.0,850,5,4,0
7900000000,205.0,357,4,4,0
5800000000,250.0,350,4,4,1
11000000000,230.0,350,4,4,1
4900000000,340.0,210,3,2,1
23000000000,806.0,700,4,4,1
17000000000,440.0,350,4,4,1
8200000000,188.0,330,3,3,1
9500000000,251.0,295,4,4,1
6500000000,266.0,350,4,3,1
27000000000,900.0,400,4,3,1
16500000000,600.0,400,7,4,1
35000000000,1362.5,800,4,4,0
6200000000,142.0,311,3,2,1
15000000000,912.0,484,6,3,1
9500000000,251.0,295,4,4,1
23000000000,806.0,700,4,4,1
7370000000,211.0,465,4,4,1
19500000000,850.0,750,3,2,1
5800000000,122.0,289,3,3,1
33000000000,1100.0,800,5,5,1
22500000000,500.0,536,5,5,1
4200000000,110.0,165,4,3,1
16950000000,387.0,250,1,1,1
13000000000,616.0,650,4,4,1
18000000000,670.0,385,4,4,1
7000000000,140.0,215,4,4,1
5000000000,234.0,350,4,4,1
38500000000,1362.5,550,8,5,1
15000000000,395.0,420,4,4,1
13500000000,230.0,400,3,2,1
13000000000,372.0,450,4,4,1
8500000000,250.0,400,4,4,1
17000000000,786.0,1000,6,7,0
39875000000,1350.0,750,5,5,1
13000000000,235.0,623,4,4,0
22000000000,1000.0,800,5,4,0
9950000000,212.0,300,4,3,1
12500000000,512.0,350,3,3,1
16000000000,578.0,500,5,4,1
22600000000,754.0,500,4,4,1
39875000000,1362.5,1000,5,4,1
30000000000,1100.0,500,4,4,1
20000000000,897.0,450,4,4,1
15000000000,733.0,140,2,2,1
19000000000,435.0,500,4,4,1
8700000000,229.0,327,4,3,1
25000000000,670.0,671,4,4,0
19000000000,520.0,600,4,4,0
35000000000,900.0,800,7,5,1
18000000000,677.0,450,4,3,0
15000000000,415.0,150,3,2,1
9500000000,350.0,460,6,5,1
25500000000,1020.0,816,5,3,0
16000000000,1095.0,450,3,4,1
15000000000,940.0,320,2,2,1
22000000000,824.0,600,7,4,1
6900000000,243.0,260,4,4,1
20000000000,429.0,499,4,4,1
39875000000,1362.5,900,9,9,1
39875000000,1362.5,542,6,8,1
10800000000,472.0,650,6,3,1
39875000000,1362.5,1050,7,7,1
14400000000,474.0,455,3,4,1
39875000000,1362.5,542,6,8,0
9500000000,278.0,400,3,2,1
19000000000,430.0,500,4,5,1
39875000000,973.0,1050,4,4,1
39875000000,1362.5,1050,4,4,1
19500000000,834.0,780,6,3,0
17000000000,392.0,450,4,4,1
16000000000,1095.0,450,3,4,1
13000000000,407.0,850,4,4,1
21000000000,817.0,500,4,3,0
19000000000,800.0,500,5,4,1
1880000000,90.0,135,3,3,1
5100000000,140.0,250,3,2,0
12000000000,572.0,432,5,6,1
8000000000,350.0,350,5,5,1
17000000000,389.0,450,7,4,1
39875000000,943.0,600,7,4,1
6000000000,144.0,250,4,3,1
12000000000,230.0,300,5,4,1
17000000000,470.0,660,4,4,1
10500000000,220.0,325,4,3,1
950000000,50.0,80,3,2,0
9500000000,462.0,350,3,3,1
19000000000,358.0,500,4,5,1
25500000000,1020.0,816,4,4,1
2800000000,70.0,125,3,3,0
18500000000,358.0,500,4,4,1
22000000000,780.0,580,4,4,0
5500000000,150.0,210,4,4,1
10500000000,500.0,700,4,4,1
17000000000,465.0,640,4,5,1
5680000000,151.0,245,3,3,1
15000000000,400.0,800,4,4,0
13500000000,615.0,500,4,5,0
4800000000,200.0,260,5,7,0
14000000000,350.0,250,3,3,1
19000000000,520.0,500,5,5,0
17000000000,389.0,450,4,4,1
13500000000,1034.0,900,6,5,1
8500000000,307.0,400,7,6,0
9500000000,458.0,300,5,4,1
39875000000,1050.0,800,27,21,1
18000000000,900.0,500,4,4,1
6700000000,285.0,258,4,4,0
37500000000,680.0,1050,6,5,1
26000000000,600.0,450,4,4,1
15000000000,500.0,1000,5,5,1
33000000000,585.0,900,7,6,1
8500000000,250.0,300,4,4,1
22000000000,900.0,1050,4,3,1
7900000000,220.0,300,3,3,1
11160000000,248.0,333,4,4,1
19500000000,443.0,450,5,3,0
10000000000,475.0,600,5,5,0
1100000000,59.0,80,3,2,1
7190000000,207.0,245,3,3,1
9000000000,200.0,300,5,4,1
5700000000,144.0,325,3,3,1
36000000000,1300.0,850,5,4,0
17000000000,663.0,530,5,4,1
23000000000,650.0,600,5,5,0
1140000000,60.0,60,3,2,0
12500000000,512.0,350,3,3,1
16000000000,587.0,350,4,3,1
5800000000,144.0,285,4,3,0
17000000000,536.0,900,7,2,1
14000000000,464.0,360,4,3,0
17500000000,518.0,450,5,7,1
26000000000,900.0,500,7,4,0
11500000000,547.0,500,4,3,1
19000000000,800.0,500,5,3,0
19000000000,800.0,500,5,4,1
3600000000,164.0,150,4,4,1
5300000000,90.0,205,3,3,1
11000000000,436.0,300,6,5,0
6620000000,135.0,225,5,4,0
5500000000,164.0,240,4,3,1
19800000000,1039.0,430,5,4,0
39875000000,1362.5,712,3,4,0
10000000000,395.0,450,5,5,1
6500000000,124.0,300,3,3,1
6800000000,145.0,330,4,1,1
9000000000,450.0,700,4,4,0
4500000000,240.0,355,4,3,1
24500000000,876.0,600,8,5,0
5800000000,144.0,325,3,3,1
10500000000,500.0,700,4,4,1
15500000000,440.0,350,6,4,0
7000000000,272.0,310,5,3,1
14500000000,600.0,643,5,5,1
5500000000,150.0,210,4,4,1
17000000000,670.0,800,5,5,1
18500000000,443.0,450,5,5,1
4400000000,236.0,158,6,4,0
14000000000,460.0,400,4,3,1
19800000000,1039.0,430,5,3,1
6800000000,253.0,380,4,3,1
14000000000,460.0,400,4,4,0
9550000000,251.0,288,3,4,1
4600000000,123.0,190,3,3,1
19000000000,358.0,500,5,5,1
5800000000,128.0,148,3,3,1
7000000000,291.0,210,4,3,1
21500000000,788.0,400,4,3,0
38000000000,900.0,422,4,3,1
5900000000,160.0,176,4,3,0
15000000000,600.0,450,5,4,0
14900000000,700.0,500,4,3,1
16000000000,587.0,350,4,3,1
21000000000,1180.0,550,5,4,1
9500000000,330.0,450,5,2,1
8500000000,400.0,280,3,3,0
14000000000,580.0,500,6,4,1
26000000000,600.0,450,4,4,1
13000000000,330.0,430,5,4,1
8600000000,246.0,350,3,3,0
7000000000,194.0,229,5,4,1
18000000000,800.0,600,5,5,1
5500000000,214.0,245,4,2,0
39875000000,1000.0,600,27,27,1
13500000000,250.0,350,5,4,1
36000000000,1300.0,850,5,5,1
4500000000,235.0,300,4,4,1
18500000000,1000.0,700,4,3,1
21500000000,603.0,400,4,1,1
21000000000,358.0,500,4,5,1
24000000000,450.0,1050,5,3,0
15000000000,225.0,425,5,4,1
21600000000,800.0,500,4,2,1
12000000000,477.0,970,5,4,1
5000000000,185.0,255,4,4,1
7700000000,188.0,300,3,3,1
8700000000,246.0,350,3,3,1
5200000000,464.0,400,5,5,1
30000000000,1017.0,500,5,3,1
4500000000,258.0,150,2,2,0
30000000000,1362.5,600,7,7,1
28000000000,1100.0,800,5,4,1
14200000000,474.0,455,3,3,1
29000000000,1019.0,800,6,4,1
6900000000,389.0,400,4,3,1
21900000000,377.0,266,4,3,1
14500000000,212.0,363,3,4,1
5300000000,129.0,148,3,3,0
7900000000,181.0,330,3,4,0
4500000000,151.0,200,4,4,1
17000000000,500.0,600,4,3,0
14500000000,240.0,450,4,4,1
20000000000,1040.0,600,4,3,1
5900000000,160.0,176,4,3,1
20000000000,1026.0,750,6,4,1
2500000000,94.0,180,4,4,0
18500000000,421.0,450,4,3,1
20000000000,472.0,650,4,3,0
6500000000,295.0,300,4,4,1
5000000000,225.0,245,3,3,0
17000000000,465.0,640,4,4,1
15000000000,500.0,600,5,5,1
10000000000,246.0,350,3,3,1
18000000000,700.0,500,5,4,1
36000000000,1147.0,900,5,6,1
35500000000,500.0,525,4,4,1
5250000000,190.0,320,4,3,1
13500000000,330.0,520,3,2,1
10700000000,604.0,550,5,5,1
18000000000,415.0,470,5,4,1
21000000000,817.0,500,4,4,1
10000000000,227.0,400,4,3,1
6500000000,215.0,320,4,3,1
4700000000,260.0,280,6,4,1
17500000000,518.0,450,5,7,1
19750000000,500.0,536,5,5,1
30000000000,317.0,450,4,4,1
15000000000,585.0,300,4,2,0
25000000000,1050.0,1000,4,4,0
11100000000,230.0,568,4,4,1
20000000000,780.0,500,4,3,0
5300000000,330.0,250,10,4,0
39000000000,973.0,1000,4,4,0
38000000000,1180.0,800,8,9,1
18000000000,216.0,384,4,4,1
23000000000,558.0,563,8,6,1
26000000000,1083.0,1050,6,6,1
23000000000,693.0,474,5,4,1
4750000000,161.0,250,4,2,0
15900000000,400.0,500,4,5,1
5500000000,230.0,300,3,3,0
9000000000,159.0,380,3,3,1
19000000000,817.0,600,5,4,1
22600000000,754.0,500,4,4,1
33000000000,585.0,900,7,6,1
12000000000,600.0,500,4,3,1
15000000000,385.0,500,4,5,1
17500000000,518.0,450,5,7,1
1870000000,22.0,90,3,2,0
17500000000,800.0,800,5,5,0
5800000000,144.0,285,4,3,1
39000000000,450.0,650,7,5,1
6500000000,399.0,350,4,3,1
12000000000,615.0,450,4,4,1
8800000000,527.0,600,3,3,0
7730000000,225.0,245,3,3,1
500000000,60.0,60,2,1,0
14400000000,474.0,450,4,3,1
16000000000,407.0,575,5,4,1
39875000000,973.0,1050,4,4,1
11000000000,180.0,415,4,5,1
5500000000,144.0,325,3,4,0
16000000000,350.0,600,4,4,0
21000000000,1042.0,550,7,6,1
11200000000,246.0,345,6,5,1
5500000000,214.0,245,5,3,0
6500000000,250.0,214,4,3,0
16500000000,472.0,650,4,3,1
10500000000,230.0,300,10,10,1
10000000000,227.0,400,6,4,1
10500000000,876.0,700,7,4,0
15000000000,400.0,450,5,4,1
8950000000,246.0,340,6,3,1
22000000000,1000.0,800,5,4,1
6800000000,133.0,331,4,3,1
5200000000,347.0,300,5,4,0
20000000000,450.0,550,5,2,0
26000000000,700.0,887,4,5,0
15500000000,450.0,400,4,4,0
6900000000,625.0,500,4,4,1
2750000000,130.0,175,3,3,0
22000000000,455.0,570,4,5,1
9550000000,251.0,288,4,3,0
15000000000,520.0,500,4,4,1
15000000000,1055.0,650,8,5,1
39000000000,973.0,1050,4,4,1
17500000000,518.0,450,5,7,1
28000000000,1020.0,816,5,3,1
4650000000,124.0,220,4,3,1
6800000000,389.0,200,4,3,1
5900000000,214.0,245,5,3,0
14500000000,648.0,400,8,6,1
36000000000,1300.0,850,6,4,1
19500000000,520.0,500,5,4,1
5000000000,300.0,200,5,4,0
11100000000,282.0,383,4,2,1
14000000000,718.0,400,2,2,1
4950000000,135.0,250,3,4,1
8500000000,246.0,221,4,4,1
4700000000,110.0,250,4,3,0
14400000000,451.0,320,5,4,1
39875000000,1175.0,1050,5,6,1
6700000000,190.0,250,4,3,1
4400000000,201.0,300,4,3,0
6800000000,212.0,170,3,2,1
5800000000,150.0,171,3,3,0
14850000000,539.0,610,4,4,1
11000000000,180.0,420,4,5,1
17000000000,392.0,400,4,4,1
8250000000,174.0,220,3,3,1
8000000000,352.0,200,4,2,1
16000000000,407.0,500,4,4,1
5400000000,104.0,240,3,3,1
14000000000,407.0,800,4,3,1
25000000000,752.0,450,4,4,1
19000000000,380.0,600,4,4,1
1350000000,72.0,150,3,3,0
3500000000,156.0,95,4,3,1
14500000000,560.0,200,3,2,1
3500000000,100.0,186,4,3,1
2200000000,110.0,200,3,3,1
15500000000,1055.0,500,5,3,1
1300000000,65.0,108,3,2,1
1200000000,69.0,75,3,1,0
1310000000,51.0,60,2,2,0
2400000000,127.0,180,5,5,1
5500000000,234.0,115,2,2,1
15000000000,500.0,550,5,5,1
35500000000,1362.5,1000,6,6,1
3800000000,220.0,220,3,3,0
4970000000,154.0,300,6,4,1
10500000000,202.0,600,3,3,0
680000000,50.0,60,3,2,0
2570000000,107.0,120,3,3,0
14000000000,949.0,800,5,4,1
4600000000,201.0,350,4,3,1
4200000000,109.0,188,3,3,1
13500000000,465.0,365,5,5,1
700000000,60.0,52,3,2,1
1650000000,78.0,105,3,3,1
1300000000,86.0,135,3,2,0
39875000000,800.0,1050,7,6,1
11750000000,340.0,419,4,4,0
14900000000,291.0,400,4,4,0
39875000000,550.0,1050,5,5,1
1350000000,69.0,100,3,3,1
555000000,32.0,38,2,2,0
1200000000,60.0,70,3,2,1
2990000000,123.0,160,4,3,0
7500000000,150.0,350,3,3,1
4200000000,85.0,190,3,3,0
25000000000,850.0,530,6,4,1
1880000000,60.0,90,3,2,0
5300000000,144.0,285,4,3,1
1300000000,78.0,100,3,3,0
700000000,60.0,52,3,2,1
650000000,60.0,52,3,2,1
679000000,60.0,50,3,2,0
2200000000,110.0,200,4,4,0
1200000000,60.0,70,3,2,1
3750000000,321.0,220,5,5,1
15000000000,291.0,400,4,3,1
13500000000,500.0,640,5,5,1
15000000000,291.0,400,4,4,1
7050000000,128.0,315,3,3,1
13700000000,323.0,400,4,3,1
9500000000,239.0,436,4,4,1
14500000000,465.0,841,5,4,1
17000000000,392.0,500,4,4,1
32000000000,325.0,600,4,4,1
39875000000,1362.5,1000,5,5,1
30000000000,345.0,500,4,4,1
32000000000,430.0,600,4,4,1
39875000000,1362.5,1000,6,5,1
39875000000,1066.0,1050,8,6,1
35000000000,1362.5,700,5,5,1
23000000000,400.0,400,4,4,1
39875000000,1050.0,1050,5,5,1
39875000000,470.0,1000,5,5,1
39875000000,850.0,1000,5,4,1
39875000000,1362.5,1050,6,6,1
2800000000,75.0,150,4,2,1
12000000000,340.0,419,4,5,0
11000000000,769.0,400,4,3,1
33000000000,329.0,526,5,4,1
39875000000,770.0,500,4,4,1
3000000000,250.0,267,4,4,1
39875000000,586.0,600,5,4,1
7350000000,200.0,444,27,27,1
39875000000,340.0,850,5,5,1
39875000000,1050.0,998,5,5,1
39875000000,1050.0,1050,8,5,1
39875000000,912.0,600,5,4,1
5150000000,144.0,285,4,3,1
12500000000,875.0,578,6,5,1
2950000000,82.0,145,3,3,1
28000000000,490.0,500,5,4,1
15700000000,860.0,350,5,4,1
14900000000,291.0,400,4,4,0
15000000000,542.0,452,5,5,1
14500000000,325.0,450,3,3,1
39875000000,855.0,589,5,3,1
5200000000,390.0,250,3,2,1
7500000000,105.0,275,3,3,1
39875000000,1362.5,1050,4,4,1
8500000000,226.0,330,5,5,1
12500000000,340.0,419,4,4,0
6100000000,199.0,350,4,4,1
1280000000,72.0,78,3,2,0
30000000000,1100.0,800,5,6,1
11000000000,459.0,500,5,5,1
22900000000,680.0,850,4,4,0
9500000000,460.0,550,4,5,0
4970000000,161.0,300,5,3,0
39875000000,709.0,500,3,4,0
11000000000,256.0,350,4,4,1
28000000000,997.0,800,4,5,1
29900000000,680.0,650,6,6,0
12900000000,1145.0,400,6,4,0
4800000000,340.0,275,4,3,1
7000000000,248.0,240,4,2,0
15000000000,291.0,400,4,4,1
15000000000,1148.0,500,4,4,1
7300000000,385.0,270,3,2,1
4200000000,151.0,145,4,4,1
4500000000,203.0,100,4,3,1
23200000000,400.0,350,4,3,1
34000000000,525.0,525,4,4,1
7500000000,149.0,325,5,3,0
550000000,84.0,50,2,1,0
22000000000,616.0,800,6,5,1
1200000000,60.0,70,3,2,1
38000000000,320.0,1000,5,5,1
21000000000,560.0,700,5,5,1
39875000000,610.0,700,4,4,1
5800000000,126.0,256,3,3,1
15500000000,216.0,300,6,8,0
39875000000,483.0,1050,5,5,1
2700000000,310.0,400,6,4,1
1700000000,213.0,125,4,4,1
3250000000,146.0,70,6,2,1
7700000000,422.0,400,4,4,1
19700000000,903.0,600,3,3,1
1750000000,133.0,140,3,3,1
6750000000,350.0,200,3,2,1
30000000000,1362.5,500,4,4,1
23000000000,348.0,468,4,4,1
5000000000,212.0,195,4,3,1
39875000000,1362.5,1050,6,6,0
4800000000,290.0,240,4,3,1
430000000,25.0,40,2,2,0
4900000000,130.0,320,3,2,1
15000000000,290.0,400,4,3,1
28000000000,404.0,837,4,4,1
13000000000,616.0,600,5,4,1
15500000000,480.0,600,22,10,1
10500000000,1000.0,476,5,5,1
6500000000,250.0,280,3,2,1
4050000000,468.0,500,5,4,1
9000000000,355.0,400,6,5,1
5900000000,403.0,200,4,3,1
6500000000,400.0,300,4,4,1
8500000000,540.0,450,5,4,1
32000000000,325.0,600,4,8,1
21000000000,250.0,400,3,3,1
18000000000,290.0,450,4,3,1
8500000000,529.0,315,4,4,1
2800000000,170.0,169,4,4,0
28000000000,830.0,400,8,4,0
2950000000,170.0,230,5,2,0
7300000000,230.0,350,5,3,1
11000000000,268.0,400,5,4,1
5900000000,160.0,176,3,2,1
8000000000,555.0,284,4,5,1
4000000000,164.0,217,3,3,1
1300000000,62.0,110,3,3,1
1230000000,60.0,65,2,2,0
1200000000,65.0,60,2,2,1
38000000000,316.0,1000,5,5,1
4500000000,567.0,300,3,2,1
6000000000,347.0,120,4,3,1
25000000000,700.0,1050,5,7,1
7500000000,186.0,380,3,4,0
7000000000,200.0,300,3,3,0
15000000000,702.0,451,4,4,1
39875000000,945.0,700,4,4,1
3600000000,105.0,136,3,2,0
6500000000,210.0,330,4,4,0
29000000000,300.0,295,4,3,0
39875000000,1362.5,600,5,4,0
28000000000,404.0,837,4,4,0
10500000000,507.0,480,6,5,1
4970000000,154.0,300,5,3,1
39875000000,814.0,494,5,5,1
15000000000,291.0,400,7,6,1
2480000000,120.0,160,4,3,0
13500000000,380.0,400,5,4,1
11000000000,378.0,350,4,1,1
2190000000,111.0,125,3,2,1
4350000000,105.0,220,3,3,1
7800000000,206.0,300,4,4,1
30000000000,458.0,400,4,4,0
39875000000,630.0,500,5,4,1
1800000000,111.0,160,4,3,0
3900000000,360.0,250,5,3,0
39875000000,1362.5,1024,10,5,0
7500000000,220.0,305,4,4,0
27000000000,1362.5,712,3,2,1
6800000000,210.0,262,4,3,1
10500000000,300.0,378,4,3,0
13750000000,500.0,640,5,6,1
6900000000,210.0,330,4,4,1
5800000000,122.0,240,3,3,1
5500000000,180.0,350,4,3,1
6900000000,450.0,600,5,6,1
5900000000,160.0,300,3,2,1
28000000000,488.0,450,5,3,1
20000000000,292.0,800,27,27,0
39875000000,1148.0,1050,8,6,1
3250000000,105.0,140,3,3,1
1600000000,229.0,160,3,2,0
15000000000,400.0,500,4,5,1
25000000000,674.0,500,5,4,1
2200000000,105.0,124,3,3,1
6750000000,200.0,180,2,2,0
3600000000,136.0,180,3,2,0
1450000000,76.0,130,3,3,0
6400000000,235.0,310,5,4,1
1750000000,133.0,130,3,3,1
6750000000,187.0,337,6,4,1
39875000000,1180.0,1050,5,6,1
39875000000,472.0,1050,5,5,1
21000000000,321.0,800,5,6,1
4500000000,972.0,350,4,3,1
1530000000,78.0,107,3,3,0
3500000000,169.0,215,4,4,1
1100000000,65.0,100,3,3,1
3700000000,540.0,350,4,2,1
16000000000,488.0,550,6,5,1
4500000000,209.0,270,4,4,1
29000000000,692.0,400,4,3,0
1700000000,102.0,140,4,3,0
1250000000,63.0,110,3,3,0
